<?xml version="1.0" encoding="UTF-8"?>
<!--
 Licensed under the Apache License, Version 2.0 (the "License");
 you may not use this file except in compliance with the License.
 You may obtain a copy of the License at

   http://www.apache.org/licenses/LICENSE-2.0

 Unless required by applicable law or agreed to in writing, software
 distributed under the License is distributed on an "AS IS" BASIS,
 WITHOUT WARRANTIES OR CONDITIONS OF ANY KIND, either express or implied.
 See the License for the specific language governing permissions and
 limitations under the License. See accompanying LICENSE file.
-->
<project xmlns="http://maven.apache.org/POM/4.0.0" xmlns:xsi="http://www.w3.org/2001/XMLSchema-instance"
         xsi:schemaLocation="http://maven.apache.org/POM/4.0.0 http://maven.apache.org/maven-v4_0_0.xsd">
  <modelVersion>4.0.0</modelVersion>
  <parent>
    <groupId>org.apache</groupId>
    <artifactId>apache</artifactId>
    <version>9</version>
  </parent>
  <groupId>org.apache.hadoop</groupId>
  <artifactId>hadoop-minicluster</artifactId>
  <version>@version</version>
  <packaging>jar</packaging>

  <description>Apache Hadoop Mini-Cluster</description>
  <name>Apache Hadoop Mini-Cluster</name>

  <dependencies>
    <dependency>
      <groupId>org.apache.hadoop</groupId>
      <artifactId>hadoop-core</artifactId>
      <version>@version</version>
      <scope>compile</scope>
    </dependency>
    <dependency>
      <groupId>org.apache.hadoop</groupId>
      <artifactId>hadoop-test</artifactId>
      <version>@version</version>
      <scope>compile</scope>
    </dependency>
    <dependency>
      <groupId>com.sun.jersey</groupId>
      <artifactId>jersey-server</artifactId>
      <version>1.0</version>
      <scope>compile</scope>
    </dependency>
  </dependencies>

</project>

