{
  "install": "messages/install.txt",
  "1.0.1": "messages/1.0.1.txt",
  "1.0.2": "messages/1.0.2.txt",
  "1.0.3": "messages/1.0.3.txt",
  "1.1.0": "messages/1.1.0.txt",
  "1.1.1": "messages/1.1.1.txt",
  "1.1.5": "messages/1.1.5.txt",
  "1.1.7": "messages/1.1.7.txt",
  "1.2.0": "messages/1.2.0.txt",
  "1.2.4": "messages/1.2.4.txt",
  "1.2.5": "messages/1.2.5.txt",
  "1.3.0": "messages/1.3.0.txt",
  "1.3.1": "messages/1.3.1.txt",
  "1.4.0": "messages/1.4.0.txt",
  "1.5.0": "messages/1.5.0.txt",
  "1.6.0": "messages/1.6.0.txt",
  "1.7.0": "messages/1.7.0.txt",
  "1.8.0": "messages/1.8.0.txt",
  "1.9.0": "messages/1.9.0.txt",
  "1.10.0": "messages/1.10.0.txt",
  "1.11.0": "messages/1.11.0.txt",
  "1.12.0": "messages/1.12.0.txt",
  "1.13.0": "messages/1.13.0.txt",
  "1.14.0": "messages/1.14.0.txt",
  "1.15.0": "messages/1.15.0.txt",
  "1.16.0": "messages/1.16.0.txt",
  "1.17.0": "messages/1.17.0.txt",
  "1.18.0": "messages/1.18.0.txt",
  "1.19.0": "messages/1.19.0.txt",
  "1.20.0": "messages/1.20.0.txt",
  "1.21.0": "messages/1.21.0.txt",
  "1.22.0": "messages/1.22.0.txt",
  "1.23.0": "messages/1.23.0.txt",
  "1.24.0": "messages/1.24.0.txt",
  "1.25.0": "messages/1.25.0.txt",
  "1.26.0": "messages/1.26.0.txt",
  "1.27.0": "messages/1.27.0.txt",
  "1.28.0": "messages/1.28.0.txt",
  "1.29.0": "messages/1.29.0.txt",
  "1.30.0": "messages/1.30.0.txt",
  "1.31.0": "messages/1.31.0.txt",
  "1.38.0": "messages/1.38.0.txt",
  "1.50.0": "messages/1.50.0.txt",
  "1.60.0": "messages/1.60.0.txt",
  "1.61.0": "messages/1.61.0.txt"
}
